--
-- PostgreSQL database dump
--

\restrict siKoh3XZqXk1p4S2UAXR8eZVvd2PuGxQLxuvlvASVSSfQ9Aya6HgEoLrqaGyMsF

-- Dumped from database version 17.6
-- Dumped by pg_dump version 17.6

-- Started on 2025-12-01 22:04:41

SET statement_timeout = 0;
SET lock_timeout = 0;
SET idle_in_transaction_session_timeout = 0;
SET transaction_timeout = 0;
SET client_encoding = 'UTF8';
SET standard_conforming_strings = on;
SELECT pg_catalog.set_config('search_path', '', false);
SET check_function_bodies = false;
SET xmloption = content;
SET client_min_messages = warning;
SET row_security = off;

SET default_tablespace = '';

SET default_table_access_method = heap;

--
-- TOC entry 219 (class 1259 OID 24632)
-- Name: actors; Type: TABLE; Schema: public; Owner: postgres
--

CREATE TABLE public.actors (
    actor_id integer NOT NULL,
    name text NOT NULL,
    birth_year integer,
    CONSTRAINT actors_birth_year_check CHECK ((birth_year > 1900))
);


ALTER TABLE public.actors OWNER TO postgres;

--
-- TOC entry 218 (class 1259 OID 24631)
-- Name: actors_actor_id_seq; Type: SEQUENCE; Schema: public; Owner: postgres
--

CREATE SEQUENCE public.actors_actor_id_seq
    AS integer
    START WITH 1
    INCREMENT BY 1
    NO MINVALUE
    NO MAXVALUE
    CACHE 1;


ALTER SEQUENCE public.actors_actor_id_seq OWNER TO postgres;

--
-- TOC entry 5162 (class 0 OID 0)
-- Dependencies: 218
-- Name: actors_actor_id_seq; Type: SEQUENCE OWNED BY; Schema: public; Owner: postgres
--

ALTER SEQUENCE public.actors_actor_id_seq OWNED BY public.actors.actor_id;


--
-- TOC entry 237 (class 1259 OID 24758)
-- Name: auth_group; Type: TABLE; Schema: public; Owner: movie_log
--

CREATE TABLE public.auth_group (
    id integer NOT NULL,
    name character varying(150) NOT NULL
);


ALTER TABLE public.auth_group OWNER TO movie_log;

--
-- TOC entry 236 (class 1259 OID 24757)
-- Name: auth_group_id_seq; Type: SEQUENCE; Schema: public; Owner: movie_log
--

ALTER TABLE public.auth_group ALTER COLUMN id ADD GENERATED BY DEFAULT AS IDENTITY (
    SEQUENCE NAME public.auth_group_id_seq
    START WITH 1
    INCREMENT BY 1
    NO MINVALUE
    NO MAXVALUE
    CACHE 1
);


--
-- TOC entry 239 (class 1259 OID 24766)
-- Name: auth_group_permissions; Type: TABLE; Schema: public; Owner: movie_log
--

CREATE TABLE public.auth_group_permissions (
    id bigint NOT NULL,
    group_id integer NOT NULL,
    permission_id integer NOT NULL
);


ALTER TABLE public.auth_group_permissions OWNER TO movie_log;

--
-- TOC entry 238 (class 1259 OID 24765)
-- Name: auth_group_permissions_id_seq; Type: SEQUENCE; Schema: public; Owner: movie_log
--

ALTER TABLE public.auth_group_permissions ALTER COLUMN id ADD GENERATED BY DEFAULT AS IDENTITY (
    SEQUENCE NAME public.auth_group_permissions_id_seq
    START WITH 1
    INCREMENT BY 1
    NO MINVALUE
    NO MAXVALUE
    CACHE 1
);


--
-- TOC entry 235 (class 1259 OID 24752)
-- Name: auth_permission; Type: TABLE; Schema: public; Owner: movie_log
--

CREATE TABLE public.auth_permission (
    id integer NOT NULL,
    name character varying(255) NOT NULL,
    content_type_id integer NOT NULL,
    codename character varying(100) NOT NULL
);


ALTER TABLE public.auth_permission OWNER TO movie_log;

--
-- TOC entry 234 (class 1259 OID 24751)
-- Name: auth_permission_id_seq; Type: SEQUENCE; Schema: public; Owner: movie_log
--

ALTER TABLE public.auth_permission ALTER COLUMN id ADD GENERATED BY DEFAULT AS IDENTITY (
    SEQUENCE NAME public.auth_permission_id_seq
    START WITH 1
    INCREMENT BY 1
    NO MINVALUE
    NO MAXVALUE
    CACHE 1
);


--
-- TOC entry 241 (class 1259 OID 24772)
-- Name: auth_user; Type: TABLE; Schema: public; Owner: movie_log
--

CREATE TABLE public.auth_user (
    id integer NOT NULL,
    password character varying(128) NOT NULL,
    last_login timestamp with time zone,
    is_superuser boolean NOT NULL,
    username character varying(150) NOT NULL,
    first_name character varying(150) NOT NULL,
    last_name character varying(150) NOT NULL,
    email character varying(254) NOT NULL,
    is_staff boolean NOT NULL,
    is_active boolean NOT NULL,
    date_joined timestamp with time zone NOT NULL
);


ALTER TABLE public.auth_user OWNER TO movie_log;

--
-- TOC entry 243 (class 1259 OID 24780)
-- Name: auth_user_groups; Type: TABLE; Schema: public; Owner: movie_log
--

CREATE TABLE public.auth_user_groups (
    id bigint NOT NULL,
    user_id integer NOT NULL,
    group_id integer NOT NULL
);


ALTER TABLE public.auth_user_groups OWNER TO movie_log;

--
-- TOC entry 242 (class 1259 OID 24779)
-- Name: auth_user_groups_id_seq; Type: SEQUENCE; Schema: public; Owner: movie_log
--

ALTER TABLE public.auth_user_groups ALTER COLUMN id ADD GENERATED BY DEFAULT AS IDENTITY (
    SEQUENCE NAME public.auth_user_groups_id_seq
    START WITH 1
    INCREMENT BY 1
    NO MINVALUE
    NO MAXVALUE
    CACHE 1
);


--
-- TOC entry 240 (class 1259 OID 24771)
-- Name: auth_user_id_seq; Type: SEQUENCE; Schema: public; Owner: movie_log
--

ALTER TABLE public.auth_user ALTER COLUMN id ADD GENERATED BY DEFAULT AS IDENTITY (
    SEQUENCE NAME public.auth_user_id_seq
    START WITH 1
    INCREMENT BY 1
    NO MINVALUE
    NO MAXVALUE
    CACHE 1
);


--
-- TOC entry 245 (class 1259 OID 24786)
-- Name: auth_user_user_permissions; Type: TABLE; Schema: public; Owner: movie_log
--

CREATE TABLE public.auth_user_user_permissions (
    id bigint NOT NULL,
    user_id integer NOT NULL,
    permission_id integer NOT NULL
);


ALTER TABLE public.auth_user_user_permissions OWNER TO movie_log;

--
-- TOC entry 244 (class 1259 OID 24785)
-- Name: auth_user_user_permissions_id_seq; Type: SEQUENCE; Schema: public; Owner: movie_log
--

ALTER TABLE public.auth_user_user_permissions ALTER COLUMN id ADD GENERATED BY DEFAULT AS IDENTITY (
    SEQUENCE NAME public.auth_user_user_permissions_id_seq
    START WITH 1
    INCREMENT BY 1
    NO MINVALUE
    NO MAXVALUE
    CACHE 1
);


--
-- TOC entry 225 (class 1259 OID 24663)
-- Name: cast_crew; Type: TABLE; Schema: public; Owner: postgres
--

CREATE TABLE public.cast_crew (
    movie_cast_id integer NOT NULL,
    movie_id integer,
    actor_id integer,
    director_id integer
);


ALTER TABLE public.cast_crew OWNER TO postgres;

--
-- TOC entry 224 (class 1259 OID 24662)
-- Name: cast_crew_movie_cast_id_seq; Type: SEQUENCE; Schema: public; Owner: postgres
--

CREATE SEQUENCE public.cast_crew_movie_cast_id_seq
    AS integer
    START WITH 1
    INCREMENT BY 1
    NO MINVALUE
    NO MAXVALUE
    CACHE 1;


ALTER SEQUENCE public.cast_crew_movie_cast_id_seq OWNER TO postgres;

--
-- TOC entry 5163 (class 0 OID 0)
-- Dependencies: 224
-- Name: cast_crew_movie_cast_id_seq; Type: SEQUENCE OWNED BY; Schema: public; Owner: postgres
--

ALTER SEQUENCE public.cast_crew_movie_cast_id_seq OWNED BY public.cast_crew.movie_cast_id;


--
-- TOC entry 221 (class 1259 OID 24642)
-- Name: directors; Type: TABLE; Schema: public; Owner: postgres
--

CREATE TABLE public.directors (
    director_id integer NOT NULL,
    name text NOT NULL,
    birth_year integer,
    CONSTRAINT directors_birth_year_check CHECK ((birth_year > 1900))
);


ALTER TABLE public.directors OWNER TO postgres;

--
-- TOC entry 220 (class 1259 OID 24641)
-- Name: directors_director_id_seq; Type: SEQUENCE; Schema: public; Owner: postgres
--

CREATE SEQUENCE public.directors_director_id_seq
    AS integer
    START WITH 1
    INCREMENT BY 1
    NO MINVALUE
    NO MAXVALUE
    CACHE 1;


ALTER SEQUENCE public.directors_director_id_seq OWNER TO postgres;

--
-- TOC entry 5164 (class 0 OID 0)
-- Dependencies: 220
-- Name: directors_director_id_seq; Type: SEQUENCE OWNED BY; Schema: public; Owner: postgres
--

ALTER SEQUENCE public.directors_director_id_seq OWNED BY public.directors.director_id;


--
-- TOC entry 247 (class 1259 OID 24844)
-- Name: django_admin_log; Type: TABLE; Schema: public; Owner: movie_log
--

CREATE TABLE public.django_admin_log (
    id integer NOT NULL,
    action_time timestamp with time zone NOT NULL,
    object_id text,
    object_repr character varying(200) NOT NULL,
    action_flag smallint NOT NULL,
    change_message text NOT NULL,
    content_type_id integer,
    user_id integer NOT NULL,
    CONSTRAINT django_admin_log_action_flag_check CHECK ((action_flag >= 0))
);


ALTER TABLE public.django_admin_log OWNER TO movie_log;

--
-- TOC entry 246 (class 1259 OID 24843)
-- Name: django_admin_log_id_seq; Type: SEQUENCE; Schema: public; Owner: movie_log
--

ALTER TABLE public.django_admin_log ALTER COLUMN id ADD GENERATED BY DEFAULT AS IDENTITY (
    SEQUENCE NAME public.django_admin_log_id_seq
    START WITH 1
    INCREMENT BY 1
    NO MINVALUE
    NO MAXVALUE
    CACHE 1
);


--
-- TOC entry 233 (class 1259 OID 24744)
-- Name: django_content_type; Type: TABLE; Schema: public; Owner: movie_log
--

CREATE TABLE public.django_content_type (
    id integer NOT NULL,
    app_label character varying(100) NOT NULL,
    model character varying(100) NOT NULL
);


ALTER TABLE public.django_content_type OWNER TO movie_log;

--
-- TOC entry 232 (class 1259 OID 24743)
-- Name: django_content_type_id_seq; Type: SEQUENCE; Schema: public; Owner: movie_log
--

ALTER TABLE public.django_content_type ALTER COLUMN id ADD GENERATED BY DEFAULT AS IDENTITY (
    SEQUENCE NAME public.django_content_type_id_seq
    START WITH 1
    INCREMENT BY 1
    NO MINVALUE
    NO MAXVALUE
    CACHE 1
);


--
-- TOC entry 231 (class 1259 OID 24736)
-- Name: django_migrations; Type: TABLE; Schema: public; Owner: movie_log
--

CREATE TABLE public.django_migrations (
    id bigint NOT NULL,
    app character varying(255) NOT NULL,
    name character varying(255) NOT NULL,
    applied timestamp with time zone NOT NULL
);


ALTER TABLE public.django_migrations OWNER TO movie_log;

--
-- TOC entry 230 (class 1259 OID 24735)
-- Name: django_migrations_id_seq; Type: SEQUENCE; Schema: public; Owner: movie_log
--

ALTER TABLE public.django_migrations ALTER COLUMN id ADD GENERATED BY DEFAULT AS IDENTITY (
    SEQUENCE NAME public.django_migrations_id_seq
    START WITH 1
    INCREMENT BY 1
    NO MINVALUE
    NO MAXVALUE
    CACHE 1
);


--
-- TOC entry 259 (class 1259 OID 25002)
-- Name: django_session; Type: TABLE; Schema: public; Owner: movie_log
--

CREATE TABLE public.django_session (
    session_key character varying(40) NOT NULL,
    session_data text NOT NULL,
    expire_date timestamp with time zone NOT NULL
);


ALTER TABLE public.django_session OWNER TO movie_log;

--
-- TOC entry 248 (class 1259 OID 24872)
-- Name: movie_app_actor; Type: TABLE; Schema: public; Owner: movie_log
--

CREATE TABLE public.movie_app_actor (
    actor_id integer NOT NULL,
    name character varying(100) NOT NULL,
    birthyear integer
);


ALTER TABLE public.movie_app_actor OWNER TO movie_log;

--
-- TOC entry 251 (class 1259 OID 24927)
-- Name: movie_app_castcrew; Type: TABLE; Schema: public; Owner: movie_log
--

CREATE TABLE public.movie_app_castcrew (
    movie_cast_id integer NOT NULL,
    actor_id integer NOT NULL,
    director_id integer NOT NULL,
    movie_id integer NOT NULL
);


ALTER TABLE public.movie_app_castcrew OWNER TO movie_log;

--
-- TOC entry 250 (class 1259 OID 24926)
-- Name: movie_app_castcrew_movie_cast_id_seq; Type: SEQUENCE; Schema: public; Owner: movie_log
--

ALTER TABLE public.movie_app_castcrew ALTER COLUMN movie_cast_id ADD GENERATED BY DEFAULT AS IDENTITY (
    SEQUENCE NAME public.movie_app_castcrew_movie_cast_id_seq
    START WITH 1
    INCREMENT BY 1
    NO MINVALUE
    NO MAXVALUE
    CACHE 1
);


--
-- TOC entry 249 (class 1259 OID 24883)
-- Name: movie_app_director; Type: TABLE; Schema: public; Owner: movie_log
--

CREATE TABLE public.movie_app_director (
    director_id integer NOT NULL,
    name character varying(100) NOT NULL,
    birthyear integer
);


ALTER TABLE public.movie_app_director OWNER TO movie_log;

--
-- TOC entry 253 (class 1259 OID 24933)
-- Name: movie_app_movie; Type: TABLE; Schema: public; Owner: movie_log
--

CREATE TABLE public.movie_app_movie (
    movie_id integer NOT NULL,
    title character varying(200) NOT NULL,
    release_year integer NOT NULL,
    genre character varying(100) NOT NULL,
    rating double precision NOT NULL,
    plot text NOT NULL,
    runtime character varying(100) NOT NULL
);


ALTER TABLE public.movie_app_movie OWNER TO movie_log;

--
-- TOC entry 252 (class 1259 OID 24932)
-- Name: movie_app_movie_movie_id_seq; Type: SEQUENCE; Schema: public; Owner: movie_log
--

ALTER TABLE public.movie_app_movie ALTER COLUMN movie_id ADD GENERATED BY DEFAULT AS IDENTITY (
    SEQUENCE NAME public.movie_app_movie_movie_id_seq
    START WITH 1
    INCREMENT BY 1
    NO MINVALUE
    NO MAXVALUE
    CACHE 1
);


--
-- TOC entry 254 (class 1259 OID 24940)
-- Name: movie_app_user; Type: TABLE; Schema: public; Owner: movie_log
--

CREATE TABLE public.movie_app_user (
    user_id character varying(100) NOT NULL,
    password character varying(100) NOT NULL,
    name character varying(100) NOT NULL,
    birthyear integer NOT NULL,
    profile_picture character varying(200) NOT NULL
);


ALTER TABLE public.movie_app_user OWNER TO movie_log;

--
-- TOC entry 256 (class 1259 OID 24948)
-- Name: movie_app_watchhistory; Type: TABLE; Schema: public; Owner: movie_log
--

CREATE TABLE public.movie_app_watchhistory (
    watched_id integer NOT NULL,
    watch_date date NOT NULL,
    rating double precision NOT NULL,
    review text NOT NULL,
    movie_id integer NOT NULL,
    user_id character varying(100) NOT NULL
);


ALTER TABLE public.movie_app_watchhistory OWNER TO movie_log;

--
-- TOC entry 255 (class 1259 OID 24947)
-- Name: movie_app_watchhistory_watched_id_seq; Type: SEQUENCE; Schema: public; Owner: movie_log
--

ALTER TABLE public.movie_app_watchhistory ALTER COLUMN watched_id ADD GENERATED BY DEFAULT AS IDENTITY (
    SEQUENCE NAME public.movie_app_watchhistory_watched_id_seq
    START WITH 1
    INCREMENT BY 1
    NO MINVALUE
    NO MAXVALUE
    CACHE 1
);


--
-- TOC entry 258 (class 1259 OID 24956)
-- Name: movie_app_wrappedsummary; Type: TABLE; Schema: public; Owner: movie_log
--

CREATE TABLE public.movie_app_wrappedsummary (
    summary_id integer NOT NULL,
    top_actor character varying(100) NOT NULL,
    total_movies_watched integer NOT NULL,
    user_id character varying(100) NOT NULL,
    avg_rating numeric(4,2),
    highest_rated_movie character varying(200),
    most_watched_movie character varying(200) NOT NULL,
    top_genre character varying(100) NOT NULL
);


ALTER TABLE public.movie_app_wrappedsummary OWNER TO movie_log;

--
-- TOC entry 257 (class 1259 OID 24955)
-- Name: movie_app_wrappedsummary_summary_id_seq; Type: SEQUENCE; Schema: public; Owner: movie_log
--

ALTER TABLE public.movie_app_wrappedsummary ALTER COLUMN summary_id ADD GENERATED BY DEFAULT AS IDENTITY (
    SEQUENCE NAME public.movie_app_wrappedsummary_summary_id_seq
    START WITH 1
    INCREMENT BY 1
    NO MINVALUE
    NO MAXVALUE
    CACHE 1
);


--
-- TOC entry 223 (class 1259 OID 24652)
-- Name: movies; Type: TABLE; Schema: public; Owner: postgres
--

CREATE TABLE public.movies (
    movie_id integer NOT NULL,
    title text NOT NULL,
    release_year integer,
    plot text,
    runtime integer,
    CONSTRAINT movies_release_year_check CHECK ((release_year > 1900)),
    CONSTRAINT movies_runtime_check CHECK ((runtime > 0))
);


ALTER TABLE public.movies OWNER TO postgres;

--
-- TOC entry 222 (class 1259 OID 24651)
-- Name: movies_movie_id_seq; Type: SEQUENCE; Schema: public; Owner: postgres
--

CREATE SEQUENCE public.movies_movie_id_seq
    AS integer
    START WITH 1
    INCREMENT BY 1
    NO MINVALUE
    NO MAXVALUE
    CACHE 1;


ALTER SEQUENCE public.movies_movie_id_seq OWNER TO postgres;

--
-- TOC entry 5165 (class 0 OID 0)
-- Dependencies: 222
-- Name: movies_movie_id_seq; Type: SEQUENCE OWNED BY; Schema: public; Owner: postgres
--

ALTER SEQUENCE public.movies_movie_id_seq OWNED BY public.movies.movie_id;


--
-- TOC entry 217 (class 1259 OID 24624)
-- Name: users; Type: TABLE; Schema: public; Owner: postgres
--

CREATE TABLE public.users (
    user_id character varying(16) NOT NULL,
    password text NOT NULL,
    name text NOT NULL,
    birthday date NOT NULL,
    profile_picture text
);


ALTER TABLE public.users OWNER TO postgres;

--
-- TOC entry 227 (class 1259 OID 24685)
-- Name: watch_history; Type: TABLE; Schema: public; Owner: postgres
--

CREATE TABLE public.watch_history (
    watched_id integer NOT NULL,
    user_id character varying(16),
    movie_id integer,
    watch_date date NOT NULL,
    rating integer,
    review text,
    CONSTRAINT watch_history_rating_check CHECK (((rating >= 1) AND (rating <= 10)))
);


ALTER TABLE public.watch_history OWNER TO postgres;

--
-- TOC entry 226 (class 1259 OID 24684)
-- Name: watch_history_watched_id_seq; Type: SEQUENCE; Schema: public; Owner: postgres
--

CREATE SEQUENCE public.watch_history_watched_id_seq
    AS integer
    START WITH 1
    INCREMENT BY 1
    NO MINVALUE
    NO MAXVALUE
    CACHE 1;


ALTER SEQUENCE public.watch_history_watched_id_seq OWNER TO postgres;

--
-- TOC entry 5166 (class 0 OID 0)
-- Dependencies: 226
-- Name: watch_history_watched_id_seq; Type: SEQUENCE OWNED BY; Schema: public; Owner: postgres
--

ALTER SEQUENCE public.watch_history_watched_id_seq OWNED BY public.watch_history.watched_id;


--
-- TOC entry 229 (class 1259 OID 24705)
-- Name: wrapped_summary; Type: TABLE; Schema: public; Owner: postgres
--

CREATE TABLE public.wrapped_summary (
    summary_id integer NOT NULL,
    user_id character varying(16),
    top_actor text,
    total_movies_watched integer,
    avg_rating numeric(4,2),
    highest_rated_movie character varying(200)
);


ALTER TABLE public.wrapped_summary OWNER TO postgres;

--
-- TOC entry 228 (class 1259 OID 24704)
-- Name: wrapped_summary_summary_id_seq; Type: SEQUENCE; Schema: public; Owner: postgres
--

CREATE SEQUENCE public.wrapped_summary_summary_id_seq
    AS integer
    START WITH 1
    INCREMENT BY 1
    NO MINVALUE
    NO MAXVALUE
    CACHE 1;


ALTER SEQUENCE public.wrapped_summary_summary_id_seq OWNER TO postgres;

--
-- TOC entry 5167 (class 0 OID 0)
-- Dependencies: 228
-- Name: wrapped_summary_summary_id_seq; Type: SEQUENCE OWNED BY; Schema: public; Owner: postgres
--

ALTER SEQUENCE public.wrapped_summary_summary_id_seq OWNED BY public.wrapped_summary.summary_id;


--
-- TOC entry 4852 (class 2604 OID 24635)
-- Name: actors actor_id; Type: DEFAULT; Schema: public; Owner: postgres
--

ALTER TABLE ONLY public.actors ALTER COLUMN actor_id SET DEFAULT nextval('public.actors_actor_id_seq'::regclass);


--
-- TOC entry 4855 (class 2604 OID 24666)
-- Name: cast_crew movie_cast_id; Type: DEFAULT; Schema: public; Owner: postgres
--

ALTER TABLE ONLY public.cast_crew ALTER COLUMN movie_cast_id SET DEFAULT nextval('public.cast_crew_movie_cast_id_seq'::regclass);


--
-- TOC entry 4853 (class 2604 OID 24645)
-- Name: directors director_id; Type: DEFAULT; Schema: public; Owner: postgres
--

ALTER TABLE ONLY public.directors ALTER COLUMN director_id SET DEFAULT nextval('public.directors_director_id_seq'::regclass);


--
-- TOC entry 4854 (class 2604 OID 24655)
-- Name: movies movie_id; Type: DEFAULT; Schema: public; Owner: postgres
--

ALTER TABLE ONLY public.movies ALTER COLUMN movie_id SET DEFAULT nextval('public.movies_movie_id_seq'::regclass);


--
-- TOC entry 4856 (class 2604 OID 24688)
-- Name: watch_history watched_id; Type: DEFAULT; Schema: public; Owner: postgres
--

ALTER TABLE ONLY public.watch_history ALTER COLUMN watched_id SET DEFAULT nextval('public.watch_history_watched_id_seq'::regclass);


--
-- TOC entry 4857 (class 2604 OID 24708)
-- Name: wrapped_summary summary_id; Type: DEFAULT; Schema: public; Owner: postgres
--

ALTER TABLE ONLY public.wrapped_summary ALTER COLUMN summary_id SET DEFAULT nextval('public.wrapped_summary_summary_id_seq'::regclass);


--
-- TOC entry 5116 (class 0 OID 24632)
-- Dependencies: 219
-- Data for Name: actors; Type: TABLE DATA; Schema: public; Owner: postgres
--

COPY public.actors (actor_id, name, birth_year) FROM stdin;
1	Leonardo DiCaprio	1974
2	Christian Bale	1974
3	Cillian Murphy	1976
4	Emma Stone	1988
5	Ryan Gosling	1980
6	Margot Robbie	1990
7	Robert Downey Jr.	1965
8	Chris Evans	1981
9	Chris Hemsworth	1983
10	Tom Holland	1996
11	Timothée Chalamet	1995
12	Zendaya	1996
13	Joaquin Phoenix	1974
14	Brad Pitt	1963
15	Matt Damon	1970
16	Andrew Garfield	1983
17	Scarlett Johansson	1984
18	Florence Pugh	1996
19	Daniel Kaluuya	1989
20	Hugh Jackman	1968
21	Ryan Reynolds	1976
22	Tom Hardy	1977
23	Dev Patel	1990
24	Rami Malek	1981
25	Daniel Craig	1968
26	Song Kang-ho	1967
27	Adam Driver	1983
28	Natalie Portman	1981
29	Jessica Chastain	1977
30	Emily Blunt	1983
\.


--
-- TOC entry 5134 (class 0 OID 24758)
-- Dependencies: 237
-- Data for Name: auth_group; Type: TABLE DATA; Schema: public; Owner: movie_log
--

COPY public.auth_group (id, name) FROM stdin;
\.


--
-- TOC entry 5136 (class 0 OID 24766)
-- Dependencies: 239
-- Data for Name: auth_group_permissions; Type: TABLE DATA; Schema: public; Owner: movie_log
--

COPY public.auth_group_permissions (id, group_id, permission_id) FROM stdin;
\.


--
-- TOC entry 5132 (class 0 OID 24752)
-- Dependencies: 235
-- Data for Name: auth_permission; Type: TABLE DATA; Schema: public; Owner: movie_log
--

COPY public.auth_permission (id, name, content_type_id, codename) FROM stdin;
1	Can add log entry	1	add_logentry
2	Can change log entry	1	change_logentry
3	Can delete log entry	1	delete_logentry
4	Can view log entry	1	view_logentry
5	Can add permission	2	add_permission
6	Can change permission	2	change_permission
7	Can delete permission	2	delete_permission
8	Can view permission	2	view_permission
9	Can add group	3	add_group
10	Can change group	3	change_group
11	Can delete group	3	delete_group
12	Can view group	3	view_group
13	Can add user	4	add_user
14	Can change user	4	change_user
15	Can delete user	4	delete_user
16	Can view user	4	view_user
17	Can add content type	5	add_contenttype
18	Can change content type	5	change_contenttype
19	Can delete content type	5	delete_contenttype
20	Can view content type	5	view_contenttype
21	Can add session	6	add_session
22	Can change session	6	change_session
23	Can delete session	6	delete_session
24	Can view session	6	view_session
25	Can add cast crew	7	add_castcrew
26	Can change cast crew	7	change_castcrew
27	Can delete cast crew	7	delete_castcrew
28	Can view cast crew	7	view_castcrew
29	Can add movie	8	add_movie
30	Can change movie	8	change_movie
31	Can delete movie	8	delete_movie
32	Can view movie	8	view_movie
33	Can add user	9	add_user
34	Can change user	9	change_user
35	Can delete user	9	delete_user
36	Can view user	9	view_user
37	Can add watch history	10	add_watchhistory
38	Can change watch history	10	change_watchhistory
39	Can delete watch history	10	delete_watchhistory
40	Can view watch history	10	view_watchhistory
41	Can add wrapped summary	11	add_wrappedsummary
42	Can change wrapped summary	11	change_wrappedsummary
43	Can delete wrapped summary	11	delete_wrappedsummary
44	Can view wrapped summary	11	view_wrappedsummary
45	Can add actor	12	add_actor
46	Can change actor	12	change_actor
47	Can delete actor	12	delete_actor
48	Can view actor	12	view_actor
49	Can add director	13	add_director
50	Can change director	13	change_director
51	Can delete director	13	delete_director
52	Can view director	13	view_director
\.


--
-- TOC entry 5138 (class 0 OID 24772)
-- Dependencies: 241
-- Data for Name: auth_user; Type: TABLE DATA; Schema: public; Owner: movie_log
--

COPY public.auth_user (id, password, last_login, is_superuser, username, first_name, last_name, email, is_staff, is_active, date_joined) FROM stdin;
3	pbkdf2_sha256$1000000$Z2KiKBIdtc1hiYE8nxGN3S$qXWClDBtXGFxYbeOrlKqT9Za1AgFO1ZFaoI4sDIqJkE=	2025-12-01 19:16:19.171983-07	f	jess	Jessica	Bean	jess@yahoo.com	f	t	2025-11-30 18:31:55.712892-07
1	pbkdf2_sha256$1000000$Qbru3xMkdSISwNQwaouItV$7GZc1ytne7d+CY+potumQ4l9YbeQ6fl8CTTwVCLTo3k=	2025-12-01 19:22:33.654316-07	t	movie_log			aherre52@asu.edu	t	t	2025-11-30 17:04:36.555803-07
4	pbkdf2_sha256$1000000$vukb0HOUqeaWSsmgsAKTDa$S+v6FJ1MlzXDruA8IpLiUqPMg6Yl9WfigL5oP60pPmo=	2025-12-01 19:27:40.069686-07	f	aherre	Armando	Herrera	aherre52@asu.edu	f	t	2025-12-01 11:24:37.895361-07
5	pbkdf2_sha256$1000000$eZDtZjVAr1trIzCbLT7oDR$9jDbVHjEnOoYIi9PZGimpPmfiuX4yGyqwINCYYO6tqQ=	2025-12-01 19:47:19.8234-07	f	bean	Collin	Bean	bean@gmail.com	f	t	2025-12-01 19:47:05.13091-07
2	pbkdf2_sha256$1000000$YU08BoHkF5mnLtLI8jFfL2$+m6usK+7EgPQhx8Ipdr9jKjoGzUi/M5rgFmwH2mT9kk=	2025-12-01 21:43:47.662366-07	f	aherre52	Armando	Herrera	aherre52@asu.edu	f	t	2025-11-30 18:22:53.429965-07
\.


--
-- TOC entry 5140 (class 0 OID 24780)
-- Dependencies: 243
-- Data for Name: auth_user_groups; Type: TABLE DATA; Schema: public; Owner: movie_log
--

COPY public.auth_user_groups (id, user_id, group_id) FROM stdin;
\.


--
-- TOC entry 5142 (class 0 OID 24786)
-- Dependencies: 245
-- Data for Name: auth_user_user_permissions; Type: TABLE DATA; Schema: public; Owner: movie_log
--

COPY public.auth_user_user_permissions (id, user_id, permission_id) FROM stdin;
\.


--
-- TOC entry 5122 (class 0 OID 24663)
-- Dependencies: 225
-- Data for Name: cast_crew; Type: TABLE DATA; Schema: public; Owner: postgres
--

COPY public.cast_crew (movie_cast_id, movie_id, actor_id, director_id) FROM stdin;
1	1	1	1
2	2	2	1
3	3	29	1
4	4	2	1
5	5	30	1
6	6	3	1
7	7	5	11
8	8	5	11
9	9	27	12
10	10	22	13
11	11	26	14
12	12	7	15
13	13	7	15
14	14	19	7
15	15	10	10
16	16	11	3
17	17	11	3
18	18	6	2
19	19	13	9
20	20	1	23
21	21	15	17
22	22	27	12
23	23	1	24
24	24	27	25
25	25	27	19
26	26	30	3
27	27	27	3
28	28	2	18
29	29	21	30
30	30	21	30
31	31	7	5
32	32	8	12
33	33	9	4
34	34	25	19
35	35	25	20
36	36	23	21
37	37	29	22
38	38	1	23
39	39	1	23
40	40	30	33
41	41	18	26
42	42	14	27
43	43	27	12
44	44	28	28
45	45	16	29
46	46	16	29
47	47	17	36
48	48	12	37
49	49	27	12
50	50	27	12
\.


--
-- TOC entry 5118 (class 0 OID 24642)
-- Dependencies: 221
-- Data for Name: directors; Type: TABLE DATA; Schema: public; Owner: postgres
--

COPY public.directors (director_id, name, birth_year) FROM stdin;
1	Christopher Nolan	1970
2	Greta Gerwig	1983
3	Denis Villeneuve	1967
4	Taika Waititi	1975
5	James Cameron	1954
6	Quentin Tarantino	1963
7	Ryan Coogler	1986
8	Patty Jenkins	1971
9	Todd Phillips	1970
10	Jon Watts	1981
11	Damien Chazelle	1985
12	David Fincher	1962
13	George Miller	1945
14	Bong Joon-ho	1969
15	Anthony Russo	1970
16	Joe Russo	1971
17	Ridley Scott	1937
18	Matt Reeves	1966
19	Sam Mendes	1965
20	Cary Joji Fukunaga	1977
21	Danny Boyle	1956
22	Ang Lee	1954
23	Martin Scorsese	1942
24	Alejandro G. Iñárritu	1963
25	Wes Anderson	1969
26	The Daniels	1988
27	Joseph Kosinski	1974
28	Pete Docter	1968
29	Lee Unkrich	1967
30	James Gunn	1966
31	Taika Waititi	1975
32	Chloé Zhao	1982
33	Guillermo del Toro	1964
34	Andrew Stanton	1965
35	Byron Howard	1968
36	Chris Buck	1958
37	Ron Clements	1953
\.


--
-- TOC entry 5144 (class 0 OID 24844)
-- Dependencies: 247
-- Data for Name: django_admin_log; Type: TABLE DATA; Schema: public; Owner: movie_log
--

COPY public.django_admin_log (id, action_time, object_id, object_repr, action_flag, change_message, content_type_id, user_id) FROM stdin;
\.


--
-- TOC entry 5130 (class 0 OID 24744)
-- Dependencies: 233
-- Data for Name: django_content_type; Type: TABLE DATA; Schema: public; Owner: movie_log
--

COPY public.django_content_type (id, app_label, model) FROM stdin;
1	admin	logentry
2	auth	permission
3	auth	group
4	auth	user
5	contenttypes	contenttype
6	sessions	session
7	movie_app	castcrew
8	movie_app	movie
9	movie_app	user
10	movie_app	watchhistory
11	movie_app	wrappedsummary
12	movie_app	actor
13	movie_app	director
\.


--
-- TOC entry 5128 (class 0 OID 24736)
-- Dependencies: 231
-- Data for Name: django_migrations; Type: TABLE DATA; Schema: public; Owner: movie_log
--

COPY public.django_migrations (id, app, name, applied) FROM stdin;
1	contenttypes	0001_initial	2025-11-30 16:49:45.411337-07
2	auth	0001_initial	2025-11-30 16:49:45.600727-07
3	admin	0001_initial	2025-11-30 16:49:45.648169-07
4	admin	0002_logentry_remove_auto_add	2025-11-30 16:49:45.663073-07
5	admin	0003_logentry_add_action_flag_choices	2025-11-30 16:49:45.6748-07
6	contenttypes	0002_remove_content_type_name	2025-11-30 16:49:45.710528-07
7	auth	0002_alter_permission_name_max_length	2025-11-30 16:49:45.725209-07
8	auth	0003_alter_user_email_max_length	2025-11-30 16:49:45.74193-07
9	auth	0004_alter_user_username_opts	2025-11-30 16:49:45.753463-07
10	auth	0005_alter_user_last_login_null	2025-11-30 16:49:45.765869-07
11	auth	0006_require_contenttypes_0002	2025-11-30 16:49:45.768869-07
12	auth	0007_alter_validators_add_error_messages	2025-11-30 16:49:45.776214-07
13	auth	0008_alter_user_username_max_length	2025-11-30 16:49:45.808781-07
14	auth	0009_alter_user_last_name_max_length	2025-11-30 16:49:45.826496-07
15	auth	0010_alter_group_name_max_length	2025-11-30 16:49:45.842247-07
16	auth	0011_update_proxy_permissions	2025-11-30 16:49:45.853439-07
17	auth	0012_alter_user_first_name_max_length	2025-11-30 16:49:45.865402-07
18	movie_app	0001_initial	2025-11-30 16:49:45.970959-07
19	movie_app	0002_delete_movie	2025-11-30 16:49:45.970959-07
20	movie_app	0003_castcrew_movie_user_watchhistory_wrappedsummary_and_more	2025-11-30 16:49:46.20517-07
21	sessions	0001_initial	2025-11-30 16:49:46.226115-07
22	movie_app	0004_add_wrapped_fields	2025-12-01 18:16:09.882797-07
25	movie_app	0005_remove_wrapped_legacy_fields	2025-12-01 19:06:32.287863-07
\.


--
-- TOC entry 5156 (class 0 OID 25002)
-- Dependencies: 259
-- Data for Name: django_session; Type: TABLE DATA; Schema: public; Owner: movie_log
--

COPY public.django_session (session_key, session_data, expire_date) FROM stdin;
r3lpmqf1yzh6dbce0en4e8lei9dfhb1o	.eJxVjDEOAiEQRe9CbciCAo6lvWcgM8wgqwaSZbcy3t2QbKHtf-_9t4q4rSVuXZY4s7ooow6_G2F6Sh2AH1jvTadW12UmPRS9065vjeV13d2_g4K9jJrORwshE7KzIi5kACGTM4hk5xnZTA6sMYm8t0gUJmCQ4LIDf7JBfb4PlDiD:1vPrQY:s-1x3J_d1FBLA3PJzyVPx7HA510GX5f7wxBLVQKw3nE	2025-12-14 17:06:02.018776-07
zfmtknpfnfdrcywsdd8ypv7nnf5y5ryh	.eJxVjDsOwjAQBe_iGlkb4y8lfc5grb1rHECOFCcV4u4QKQW0b2beS0Tc1hq3zkucSFyEEqffLWF-cNsB3bHdZpnnti5TkrsiD9rlOBM_r4f7d1Cx128dnIYBHNjgw5k10sBFewVMxjljkgZbKBskVqlQUAVs8mAzsbG6FCfeH8c1N-Y:1vQGbq:2ZFt9Z6gPmV5aHbDAAwcJ5sjafZmLqY4gmpbl5rxrpw	2025-12-15 19:59:22.054523-07
oj5klfc1lw0hn530x9a2z87c39qhjv4j	.eJxVjDsOwjAQBe_iGlkb4y8lfc5grb1rHECOFCcV4u4QKQW0b2beS0Tc1hq3zkucSFyEEqffLWF-cNsB3bHdZpnnti5TkrsiD9rlOBM_r4f7d1Cx128dnIYBHNjgw5k10sBFewVMxjljkgZbKBskVqlQUAVs8mAzsbG6FCfeH8c1N-Y:1vQIEt:hwizEOZyTCs-kqCwCrOtucM9_04Ijya-3yxzXWgZ6vA	2025-12-15 21:43:47.668949-07
jk12ig151qonv762c3atqmyp68yrl3f8	.eJxVjDsOwjAQBe_iGlkb4y8lfc5grb1rHECOFCcV4u4QKQW0b2beS0Tc1hq3zkucSFyEEqffLWF-cNsB3bHdZpnnti5TkrsiD9rlOBM_r4f7d1Cx128dnIYBHNjgw5k10sBFewVMxjljkgZbKBskVqlQUAVs8mAzsbG6FCfeH8c1N-Y:1vPtaT:MNpmHTFJQsAZ6XXWxb3x1rQiP7sw0qNSYRrAfYc8Hoo	2025-12-14 19:24:25.929274-07
\.


--
-- TOC entry 5145 (class 0 OID 24872)
-- Dependencies: 248
-- Data for Name: movie_app_actor; Type: TABLE DATA; Schema: public; Owner: movie_log
--

COPY public.movie_app_actor (actor_id, name, birthyear) FROM stdin;
\.


--
-- TOC entry 5148 (class 0 OID 24927)
-- Dependencies: 251
-- Data for Name: movie_app_castcrew; Type: TABLE DATA; Schema: public; Owner: movie_log
--

COPY public.movie_app_castcrew (movie_cast_id, actor_id, director_id, movie_id) FROM stdin;
\.


--
-- TOC entry 5146 (class 0 OID 24883)
-- Dependencies: 249
-- Data for Name: movie_app_director; Type: TABLE DATA; Schema: public; Owner: movie_log
--

COPY public.movie_app_director (director_id, name, birthyear) FROM stdin;
\.


--
-- TOC entry 5150 (class 0 OID 24933)
-- Dependencies: 253
-- Data for Name: movie_app_movie; Type: TABLE DATA; Schema: public; Owner: movie_log
--

COPY public.movie_app_movie (movie_id, title, release_year, genre, rating, plot, runtime) FROM stdin;
\.


--
-- TOC entry 5151 (class 0 OID 24940)
-- Dependencies: 254
-- Data for Name: movie_app_user; Type: TABLE DATA; Schema: public; Owner: movie_log
--

COPY public.movie_app_user (user_id, password, name, birthyear, profile_picture) FROM stdin;
movie_log	temp	movie_log	2000	
\.


--
-- TOC entry 5153 (class 0 OID 24948)
-- Dependencies: 256
-- Data for Name: movie_app_watchhistory; Type: TABLE DATA; Schema: public; Owner: movie_log
--

COPY public.movie_app_watchhistory (watched_id, watch_date, rating, review, movie_id, user_id) FROM stdin;
\.


--
-- TOC entry 5155 (class 0 OID 24956)
-- Dependencies: 258
-- Data for Name: movie_app_wrappedsummary; Type: TABLE DATA; Schema: public; Owner: movie_log
--

COPY public.movie_app_wrappedsummary (summary_id, top_actor, total_movies_watched, user_id, avg_rating, highest_rated_movie, most_watched_movie, top_genre) FROM stdin;
\.


--
-- TOC entry 5120 (class 0 OID 24652)
-- Dependencies: 223
-- Data for Name: movies; Type: TABLE DATA; Schema: public; Owner: postgres
--

COPY public.movies (movie_id, title, release_year, plot, runtime) FROM stdin;
1	Inception	2010	A thief enters dreams to plant an idea	148
2	The Dark Knight	2008	Batman faces the Joker in Gotham	152
3	Interstellar	2014	A team travels through a wormhole to save humanity	169
4	The Prestige	2006	Rival magicians engage in dangerous competition	130
5	Tenet	2020	An agent manipulates time to stop catastrophe	150
6	Oppenheimer	2023	Story of the physicist behind the atomic bomb	180
7	La La Land	2016	A musician and an actress chase dreams in LA	128
8	Whiplash	2014	A drummer faces a ruthless instructor	107
9	The Social Network	2010	The rise of Facebook and its conflicts	120
10	Mad Max Fury Road	2015	Post apocalyptic chase for freedom	120
11	Parasite	2019	A poor family infiltrates a wealthy household	132
12	Avengers Endgame	2019	Heroes unite to undo devastation	181
13	Avengers Infinity War	2018	Thanos seeks the Infinity Stones	149
14	Black Panther	2018	T’Challa defends Wakanda and its legacy	134
15	Spider Man No Way Home	2021	Multiverse collides after identity reveal	148
16	Dune	2021	A noble house fights for control of spice	155
17	Dune Part Two	2024	Paul rallies Fremen against oppressors	166
18	Barbie	2023	Barbie and Ken explore the real world	114
19	Joker	2019	A comedian descends into madness	122
20	The Wolf of Wall Street	2013	A broker rises and falls in excess	180
21	The Martian	2015	An astronaut survives alone on Mars	144
22	Her	2013	A man falls for an operating system	126
23	The Revenant	2015	A frontiersman seeks survival and revenge	156
24	The Grand Budapest Hotel	2014	A concierge and lobby boy on an adventure	99
25	1917	2019	Two soldiers race to deliver a message	119
26	Arrival	2016	A linguist deciphers alien language	116
27	Blade Runner 2049	2017	A replicant uncovers a long buried secret	164
28	The Batman	2022	Batman hunts a cryptic serial killer	176
29	Guardians of the Galaxy	2014	Misfits band together to save the galaxy	121
30	Guardians Vol 3	2023	The team faces pasts and new threats	150
31	Iron Man	2008	An engineer becomes a superhero in armor	126
32	Winter Soldier	2014	Cap fights a conspiracy within SHIELD	136
33	Thor Ragnarok	2017	Thor faces Hela and an impending apocalypse	130
34	Skyfall	2012	Bond protects M as MI6 is attacked	143
35	No Time to Die	2021	Bond faces a deadly bioweapon plot	163
36	Slumdog Millionaire	2008	A boy’s life unfolds on a game show	120
37	Life of Pi	2012	A boy survives at sea with a tiger	127
38	The Departed	2006	Undercover cops and moles cross paths	151
39	Shutter Island	2010	A marshal investigates a missing patient	138
40	The Shape of Water	2017	A woman bonds with an amphibious creature	123
41	Everything Everywhere All at Once	2022	A woman navigates multiverse chaos	139
42	Top Gun Maverick	2022	Ace pilot trains a new squad for a mission	130
43	The Big Short	2015	Outsiders bet against the housing bubble	130
44	Inside Out	2015	Emotions guide a girl through change	95
45	Coco	2017	A boy explores the Land of the Dead	105
46	Toy Story 3	2010	Toys face daycare and growing up	103
47	Frozen	2013	Two sisters confront magic and fear	102
48	Moana	2016	A voyager seeks to restore a goddess’s heart	107
49	Spotlight	2015	Reporters expose systemic abuse	129
50	The Imitation Game	2014	Alan Turing cracks Enigma during war	114
\.


--
-- TOC entry 5114 (class 0 OID 24624)
-- Dependencies: 217
-- Data for Name: users; Type: TABLE DATA; Schema: public; Owner: postgres
--

COPY public.users (user_id, password, name, birthday, profile_picture) FROM stdin;
user01	p@ss123	Aarav Mehta	2000-04-12	https://picsum.photos/id/101/200/200
user02	sunshine7	Emily Johnson	1998-11-23	https://picsum.photos/id/102/200/200
user03	filmBuff9	Raj Sharma	2001-06-05	https://picsum.photos/id/103/200/200
movie_log	temp	movie_log	2000-01-01	
aherre52	1234	Armando	2000-01-01	
jess	1234	Jessica	1998-08-03	
aherre	1234	Armando	2017-02-08	
bean	1234	Collin	2016-07-28	
\.


--
-- TOC entry 5124 (class 0 OID 24685)
-- Dependencies: 227
-- Data for Name: watch_history; Type: TABLE DATA; Schema: public; Owner: postgres
--

COPY public.watch_history (watched_id, user_id, movie_id, watch_date, rating, review) FROM stdin;
1	user01	1	2024-01-05	9	Mind bending and brilliant
2	user01	2	2024-01-06	10	Iconic Joker performance
3	user01	6	2024-07-25	10	A towering biopic
4	user01	16	2024-08-02	9	World building is stunning
5	user01	28	2024-02-10	9	Moody detective noir
6	user02	7	2024-03-10	8	Music and colors pop
7	user02	8	2024-03-12	9	Relentless and electric
8	user02	11	2024-04-01	10	Sharp and unsettling
9	user02	12	2024-04-05	9	Perfect finale
10	user02	41	2024-06-20	10	Wild inventive ride
11	user03	3	2024-02-18	10	Emotional space odyssey
12	user03	21	2024-02-25	9	Great survival story
13	user03	27	2024-03-02	9	Haunting and gorgeous
14	user03	31	2024-03-08	9	Perfect origin
15	user03	42	2024-05-15	9	Thrilling aerial set pieces
16	user03	50	2024-05-22	8	Moving and cerebral
18	movie_log	9	2025-11-19	8	love space
19	movie_log	16	2025-10-28	8	loved music!
22	movie_log	50	2025-09-29	6	Good beginning, got slow at the end
23	movie_log	17	2025-11-25	9	just as good as the first one!
24	movie_log	14	2025-11-01	10	Fav marvel movie
26	aherre52	22	2025-11-30	8	Got even better!
27	aherre52	22	2025-11-05	2	didnt pay attention tbh
28	aherre52	22	2025-11-27	10	my favvvvv movie now!!
29	aherre52	12	2025-11-27	9	Whyd they kill scarlett :(((. im coming back to say i see why now...
31	aherre52	29	2025-11-27	7	Meh
34	jess	44	2025-10-07	7	
35	jess	45	2025-11-09	8	Really catchy music and beautiful images
37	aherre52	37	2025-12-01	9	Love pie!!
39	aherre52	37	2025-12-01	9	Love pie!!
42	aherre52	45	2025-12-01	8	
44	aherre52	18	2025-11-30	6	
46	aherre52	25	2025-12-11	10	
48	aherre52	43	2025-11-12	9	aaa
50	aherre52	50	2025-11-04	1	
52	aherre52	8	2025-11-17	8	
53	movie_log	26	2025-11-30	8	
54	jess	15	2025-09-02	7	
56	jess	3	2025-09-11	10	Loved it
58	jess	3	2025-09-11	10	Loved it
59	aherre52	7	2025-10-14	9	sad ending
20	movie_log	13	2025-11-07	9	Thanos is mean!
61	aherre	6	2025-02-26	8	test entry!
63	aherre52	21	2025-12-01	1	
\.


--
-- TOC entry 5126 (class 0 OID 24705)
-- Dependencies: 229
-- Data for Name: wrapped_summary; Type: TABLE DATA; Schema: public; Owner: postgres
--

COPY public.wrapped_summary (summary_id, user_id, top_actor, total_movies_watched, avg_rating, highest_rated_movie) FROM stdin;
1	user01	Christian Bale	5	0.00	\N
2	user02	Song Kang-ho	5	0.00	\N
3	user03	Leonardo DiCaprio	6	0.00	\N
7	jess	Jessica Chastain	5	8.40	Interstellar
6	movie_log	Timothée Chalamet	7	8.29	Black Panther
9	aherre	Cillian Murphy	1	8.00	Oppenheimer
10	bean	N/A	0	\N	\N
5	aherre52	Adam Driver	15	7.07	1917
\.


--
-- TOC entry 5168 (class 0 OID 0)
-- Dependencies: 218
-- Name: actors_actor_id_seq; Type: SEQUENCE SET; Schema: public; Owner: postgres
--

SELECT pg_catalog.setval('public.actors_actor_id_seq', 1, false);


--
-- TOC entry 5169 (class 0 OID 0)
-- Dependencies: 236
-- Name: auth_group_id_seq; Type: SEQUENCE SET; Schema: public; Owner: movie_log
--

SELECT pg_catalog.setval('public.auth_group_id_seq', 1, false);


--
-- TOC entry 5170 (class 0 OID 0)
-- Dependencies: 238
-- Name: auth_group_permissions_id_seq; Type: SEQUENCE SET; Schema: public; Owner: movie_log
--

SELECT pg_catalog.setval('public.auth_group_permissions_id_seq', 1, false);


--
-- TOC entry 5171 (class 0 OID 0)
-- Dependencies: 234
-- Name: auth_permission_id_seq; Type: SEQUENCE SET; Schema: public; Owner: movie_log
--

SELECT pg_catalog.setval('public.auth_permission_id_seq', 52, true);


--
-- TOC entry 5172 (class 0 OID 0)
-- Dependencies: 242
-- Name: auth_user_groups_id_seq; Type: SEQUENCE SET; Schema: public; Owner: movie_log
--

SELECT pg_catalog.setval('public.auth_user_groups_id_seq', 1, false);


--
-- TOC entry 5173 (class 0 OID 0)
-- Dependencies: 240
-- Name: auth_user_id_seq; Type: SEQUENCE SET; Schema: public; Owner: movie_log
--

SELECT pg_catalog.setval('public.auth_user_id_seq', 5, true);


--
-- TOC entry 5174 (class 0 OID 0)
-- Dependencies: 244
-- Name: auth_user_user_permissions_id_seq; Type: SEQUENCE SET; Schema: public; Owner: movie_log
--

SELECT pg_catalog.setval('public.auth_user_user_permissions_id_seq', 1, false);


--
-- TOC entry 5175 (class 0 OID 0)
-- Dependencies: 224
-- Name: cast_crew_movie_cast_id_seq; Type: SEQUENCE SET; Schema: public; Owner: postgres
--

SELECT pg_catalog.setval('public.cast_crew_movie_cast_id_seq', 1, false);


--
-- TOC entry 5176 (class 0 OID 0)
-- Dependencies: 220
-- Name: directors_director_id_seq; Type: SEQUENCE SET; Schema: public; Owner: postgres
--

SELECT pg_catalog.setval('public.directors_director_id_seq', 1, false);


--
-- TOC entry 5177 (class 0 OID 0)
-- Dependencies: 246
-- Name: django_admin_log_id_seq; Type: SEQUENCE SET; Schema: public; Owner: movie_log
--

SELECT pg_catalog.setval('public.django_admin_log_id_seq', 1, false);


--
-- TOC entry 5178 (class 0 OID 0)
-- Dependencies: 232
-- Name: django_content_type_id_seq; Type: SEQUENCE SET; Schema: public; Owner: movie_log
--

SELECT pg_catalog.setval('public.django_content_type_id_seq', 13, true);


--
-- TOC entry 5179 (class 0 OID 0)
-- Dependencies: 230
-- Name: django_migrations_id_seq; Type: SEQUENCE SET; Schema: public; Owner: movie_log
--

SELECT pg_catalog.setval('public.django_migrations_id_seq', 25, true);


--
-- TOC entry 5180 (class 0 OID 0)
-- Dependencies: 250
-- Name: movie_app_castcrew_movie_cast_id_seq; Type: SEQUENCE SET; Schema: public; Owner: movie_log
--

SELECT pg_catalog.setval('public.movie_app_castcrew_movie_cast_id_seq', 1, false);


--
-- TOC entry 5181 (class 0 OID 0)
-- Dependencies: 252
-- Name: movie_app_movie_movie_id_seq; Type: SEQUENCE SET; Schema: public; Owner: movie_log
--

SELECT pg_catalog.setval('public.movie_app_movie_movie_id_seq', 1, false);


--
-- TOC entry 5182 (class 0 OID 0)
-- Dependencies: 255
-- Name: movie_app_watchhistory_watched_id_seq; Type: SEQUENCE SET; Schema: public; Owner: movie_log
--

SELECT pg_catalog.setval('public.movie_app_watchhistory_watched_id_seq', 1, true);


--
-- TOC entry 5183 (class 0 OID 0)
-- Dependencies: 257
-- Name: movie_app_wrappedsummary_summary_id_seq; Type: SEQUENCE SET; Schema: public; Owner: movie_log
--

SELECT pg_catalog.setval('public.movie_app_wrappedsummary_summary_id_seq', 1, false);


--
-- TOC entry 5184 (class 0 OID 0)
-- Dependencies: 222
-- Name: movies_movie_id_seq; Type: SEQUENCE SET; Schema: public; Owner: postgres
--

SELECT pg_catalog.setval('public.movies_movie_id_seq', 1, false);


--
-- TOC entry 5185 (class 0 OID 0)
-- Dependencies: 226
-- Name: watch_history_watched_id_seq; Type: SEQUENCE SET; Schema: public; Owner: postgres
--

SELECT pg_catalog.setval('public.watch_history_watched_id_seq', 64, true);


--
-- TOC entry 5186 (class 0 OID 0)
-- Dependencies: 228
-- Name: wrapped_summary_summary_id_seq; Type: SEQUENCE SET; Schema: public; Owner: postgres
--

SELECT pg_catalog.setval('public.wrapped_summary_summary_id_seq', 11, true);


--
-- TOC entry 4867 (class 2606 OID 24640)
-- Name: actors actors_pkey; Type: CONSTRAINT; Schema: public; Owner: postgres
--

ALTER TABLE ONLY public.actors
    ADD CONSTRAINT actors_pkey PRIMARY KEY (actor_id);


--
-- TOC entry 4891 (class 2606 OID 24870)
-- Name: auth_group auth_group_name_key; Type: CONSTRAINT; Schema: public; Owner: movie_log
--

ALTER TABLE ONLY public.auth_group
    ADD CONSTRAINT auth_group_name_key UNIQUE (name);


--
-- TOC entry 4896 (class 2606 OID 24801)
-- Name: auth_group_permissions auth_group_permissions_group_id_permission_id_0cd325b0_uniq; Type: CONSTRAINT; Schema: public; Owner: movie_log
--

ALTER TABLE ONLY public.auth_group_permissions
    ADD CONSTRAINT auth_group_permissions_group_id_permission_id_0cd325b0_uniq UNIQUE (group_id, permission_id);


--
-- TOC entry 4899 (class 2606 OID 24770)
-- Name: auth_group_permissions auth_group_permissions_pkey; Type: CONSTRAINT; Schema: public; Owner: movie_log
--

ALTER TABLE ONLY public.auth_group_permissions
    ADD CONSTRAINT auth_group_permissions_pkey PRIMARY KEY (id);


--
-- TOC entry 4893 (class 2606 OID 24762)
-- Name: auth_group auth_group_pkey; Type: CONSTRAINT; Schema: public; Owner: movie_log
--

ALTER TABLE ONLY public.auth_group
    ADD CONSTRAINT auth_group_pkey PRIMARY KEY (id);


--
-- TOC entry 4886 (class 2606 OID 24792)
-- Name: auth_permission auth_permission_content_type_id_codename_01ab375a_uniq; Type: CONSTRAINT; Schema: public; Owner: movie_log
--

ALTER TABLE ONLY public.auth_permission
    ADD CONSTRAINT auth_permission_content_type_id_codename_01ab375a_uniq UNIQUE (content_type_id, codename);


--
-- TOC entry 4888 (class 2606 OID 24756)
-- Name: auth_permission auth_permission_pkey; Type: CONSTRAINT; Schema: public; Owner: movie_log
--

ALTER TABLE ONLY public.auth_permission
    ADD CONSTRAINT auth_permission_pkey PRIMARY KEY (id);


--
-- TOC entry 4907 (class 2606 OID 24784)
-- Name: auth_user_groups auth_user_groups_pkey; Type: CONSTRAINT; Schema: public; Owner: movie_log
--

ALTER TABLE ONLY public.auth_user_groups
    ADD CONSTRAINT auth_user_groups_pkey PRIMARY KEY (id);


--
-- TOC entry 4910 (class 2606 OID 24816)
-- Name: auth_user_groups auth_user_groups_user_id_group_id_94350c0c_uniq; Type: CONSTRAINT; Schema: public; Owner: movie_log
--

ALTER TABLE ONLY public.auth_user_groups
    ADD CONSTRAINT auth_user_groups_user_id_group_id_94350c0c_uniq UNIQUE (user_id, group_id);


--
-- TOC entry 4901 (class 2606 OID 24776)
-- Name: auth_user auth_user_pkey; Type: CONSTRAINT; Schema: public; Owner: movie_log
--

ALTER TABLE ONLY public.auth_user
    ADD CONSTRAINT auth_user_pkey PRIMARY KEY (id);


--
-- TOC entry 4913 (class 2606 OID 24790)
-- Name: auth_user_user_permissions auth_user_user_permissions_pkey; Type: CONSTRAINT; Schema: public; Owner: movie_log
--

ALTER TABLE ONLY public.auth_user_user_permissions
    ADD CONSTRAINT auth_user_user_permissions_pkey PRIMARY KEY (id);


--
-- TOC entry 4916 (class 2606 OID 24830)
-- Name: auth_user_user_permissions auth_user_user_permissions_user_id_permission_id_14a6b632_uniq; Type: CONSTRAINT; Schema: public; Owner: movie_log
--

ALTER TABLE ONLY public.auth_user_user_permissions
    ADD CONSTRAINT auth_user_user_permissions_user_id_permission_id_14a6b632_uniq UNIQUE (user_id, permission_id);


--
-- TOC entry 4904 (class 2606 OID 24865)
-- Name: auth_user auth_user_username_key; Type: CONSTRAINT; Schema: public; Owner: movie_log
--

ALTER TABLE ONLY public.auth_user
    ADD CONSTRAINT auth_user_username_key UNIQUE (username);


--
-- TOC entry 4873 (class 2606 OID 24668)
-- Name: cast_crew cast_crew_pkey; Type: CONSTRAINT; Schema: public; Owner: postgres
--

ALTER TABLE ONLY public.cast_crew
    ADD CONSTRAINT cast_crew_pkey PRIMARY KEY (movie_cast_id);


--
-- TOC entry 4869 (class 2606 OID 24650)
-- Name: directors directors_pkey; Type: CONSTRAINT; Schema: public; Owner: postgres
--

ALTER TABLE ONLY public.directors
    ADD CONSTRAINT directors_pkey PRIMARY KEY (director_id);


--
-- TOC entry 4919 (class 2606 OID 24851)
-- Name: django_admin_log django_admin_log_pkey; Type: CONSTRAINT; Schema: public; Owner: movie_log
--

ALTER TABLE ONLY public.django_admin_log
    ADD CONSTRAINT django_admin_log_pkey PRIMARY KEY (id);


--
-- TOC entry 4881 (class 2606 OID 24750)
-- Name: django_content_type django_content_type_app_label_model_76bd3d3b_uniq; Type: CONSTRAINT; Schema: public; Owner: movie_log
--

ALTER TABLE ONLY public.django_content_type
    ADD CONSTRAINT django_content_type_app_label_model_76bd3d3b_uniq UNIQUE (app_label, model);


--
-- TOC entry 4883 (class 2606 OID 24748)
-- Name: django_content_type django_content_type_pkey; Type: CONSTRAINT; Schema: public; Owner: movie_log
--

ALTER TABLE ONLY public.django_content_type
    ADD CONSTRAINT django_content_type_pkey PRIMARY KEY (id);


--
-- TOC entry 4879 (class 2606 OID 24742)
-- Name: django_migrations django_migrations_pkey; Type: CONSTRAINT; Schema: public; Owner: movie_log
--

ALTER TABLE ONLY public.django_migrations
    ADD CONSTRAINT django_migrations_pkey PRIMARY KEY (id);


--
-- TOC entry 4946 (class 2606 OID 25008)
-- Name: django_session django_session_pkey; Type: CONSTRAINT; Schema: public; Owner: movie_log
--

ALTER TABLE ONLY public.django_session
    ADD CONSTRAINT django_session_pkey PRIMARY KEY (session_key);


--
-- TOC entry 4922 (class 2606 OID 24876)
-- Name: movie_app_actor movie_app_actors_pkey; Type: CONSTRAINT; Schema: public; Owner: movie_log
--

ALTER TABLE ONLY public.movie_app_actor
    ADD CONSTRAINT movie_app_actors_pkey PRIMARY KEY (actor_id);


--
-- TOC entry 4929 (class 2606 OID 24931)
-- Name: movie_app_castcrew movie_app_castcrew_pkey; Type: CONSTRAINT; Schema: public; Owner: movie_log
--

ALTER TABLE ONLY public.movie_app_castcrew
    ADD CONSTRAINT movie_app_castcrew_pkey PRIMARY KEY (movie_cast_id);


--
-- TOC entry 4924 (class 2606 OID 24887)
-- Name: movie_app_director movie_app_directors_pkey; Type: CONSTRAINT; Schema: public; Owner: movie_log
--

ALTER TABLE ONLY public.movie_app_director
    ADD CONSTRAINT movie_app_directors_pkey PRIMARY KEY (director_id);


--
-- TOC entry 4931 (class 2606 OID 24939)
-- Name: movie_app_movie movie_app_movie_pkey; Type: CONSTRAINT; Schema: public; Owner: movie_log
--

ALTER TABLE ONLY public.movie_app_movie
    ADD CONSTRAINT movie_app_movie_pkey PRIMARY KEY (movie_id);


--
-- TOC entry 4933 (class 2606 OID 24946)
-- Name: movie_app_user movie_app_user_pkey; Type: CONSTRAINT; Schema: public; Owner: movie_log
--

ALTER TABLE ONLY public.movie_app_user
    ADD CONSTRAINT movie_app_user_pkey PRIMARY KEY (user_id);


--
-- TOC entry 4937 (class 2606 OID 24954)
-- Name: movie_app_watchhistory movie_app_watchhistory_pkey; Type: CONSTRAINT; Schema: public; Owner: movie_log
--

ALTER TABLE ONLY public.movie_app_watchhistory
    ADD CONSTRAINT movie_app_watchhistory_pkey PRIMARY KEY (watched_id);


--
-- TOC entry 4941 (class 2606 OID 24962)
-- Name: movie_app_wrappedsummary movie_app_wrappedsummary_pkey; Type: CONSTRAINT; Schema: public; Owner: movie_log
--

ALTER TABLE ONLY public.movie_app_wrappedsummary
    ADD CONSTRAINT movie_app_wrappedsummary_pkey PRIMARY KEY (summary_id);


--
-- TOC entry 4871 (class 2606 OID 24661)
-- Name: movies movies_pkey; Type: CONSTRAINT; Schema: public; Owner: postgres
--

ALTER TABLE ONLY public.movies
    ADD CONSTRAINT movies_pkey PRIMARY KEY (movie_id);


--
-- TOC entry 4865 (class 2606 OID 24630)
-- Name: users users_pkey; Type: CONSTRAINT; Schema: public; Owner: postgres
--

ALTER TABLE ONLY public.users
    ADD CONSTRAINT users_pkey PRIMARY KEY (user_id);


--
-- TOC entry 4875 (class 2606 OID 24693)
-- Name: watch_history watch_history_pkey; Type: CONSTRAINT; Schema: public; Owner: postgres
--

ALTER TABLE ONLY public.watch_history
    ADD CONSTRAINT watch_history_pkey PRIMARY KEY (watched_id);


--
-- TOC entry 4877 (class 2606 OID 24712)
-- Name: wrapped_summary wrapped_summary_pkey; Type: CONSTRAINT; Schema: public; Owner: postgres
--

ALTER TABLE ONLY public.wrapped_summary
    ADD CONSTRAINT wrapped_summary_pkey PRIMARY KEY (summary_id);


--
-- TOC entry 4889 (class 1259 OID 24871)
-- Name: auth_group_name_a6ea08ec_like; Type: INDEX; Schema: public; Owner: movie_log
--

CREATE INDEX auth_group_name_a6ea08ec_like ON public.auth_group USING btree (name varchar_pattern_ops);


--
-- TOC entry 4894 (class 1259 OID 24812)
-- Name: auth_group_permissions_group_id_b120cbf9; Type: INDEX; Schema: public; Owner: movie_log
--

CREATE INDEX auth_group_permissions_group_id_b120cbf9 ON public.auth_group_permissions USING btree (group_id);


--
-- TOC entry 4897 (class 1259 OID 24813)
-- Name: auth_group_permissions_permission_id_84c5c92e; Type: INDEX; Schema: public; Owner: movie_log
--

CREATE INDEX auth_group_permissions_permission_id_84c5c92e ON public.auth_group_permissions USING btree (permission_id);


--
-- TOC entry 4884 (class 1259 OID 24798)
-- Name: auth_permission_content_type_id_2f476e4b; Type: INDEX; Schema: public; Owner: movie_log
--

CREATE INDEX auth_permission_content_type_id_2f476e4b ON public.auth_permission USING btree (content_type_id);


--
-- TOC entry 4905 (class 1259 OID 24828)
-- Name: auth_user_groups_group_id_97559544; Type: INDEX; Schema: public; Owner: movie_log
--

CREATE INDEX auth_user_groups_group_id_97559544 ON public.auth_user_groups USING btree (group_id);


--
-- TOC entry 4908 (class 1259 OID 24827)
-- Name: auth_user_groups_user_id_6a12ed8b; Type: INDEX; Schema: public; Owner: movie_log
--

CREATE INDEX auth_user_groups_user_id_6a12ed8b ON public.auth_user_groups USING btree (user_id);


--
-- TOC entry 4911 (class 1259 OID 24842)
-- Name: auth_user_user_permissions_permission_id_1fbb5f2c; Type: INDEX; Schema: public; Owner: movie_log
--

CREATE INDEX auth_user_user_permissions_permission_id_1fbb5f2c ON public.auth_user_user_permissions USING btree (permission_id);


--
-- TOC entry 4914 (class 1259 OID 24841)
-- Name: auth_user_user_permissions_user_id_a95ead1b; Type: INDEX; Schema: public; Owner: movie_log
--

CREATE INDEX auth_user_user_permissions_user_id_a95ead1b ON public.auth_user_user_permissions USING btree (user_id);


--
-- TOC entry 4902 (class 1259 OID 24866)
-- Name: auth_user_username_6821ab7c_like; Type: INDEX; Schema: public; Owner: movie_log
--

CREATE INDEX auth_user_username_6821ab7c_like ON public.auth_user USING btree (username varchar_pattern_ops);


--
-- TOC entry 4917 (class 1259 OID 24862)
-- Name: django_admin_log_content_type_id_c4bce8eb; Type: INDEX; Schema: public; Owner: movie_log
--

CREATE INDEX django_admin_log_content_type_id_c4bce8eb ON public.django_admin_log USING btree (content_type_id);


--
-- TOC entry 4920 (class 1259 OID 24863)
-- Name: django_admin_log_user_id_c564eba6; Type: INDEX; Schema: public; Owner: movie_log
--

CREATE INDEX django_admin_log_user_id_c564eba6 ON public.django_admin_log USING btree (user_id);


--
-- TOC entry 4944 (class 1259 OID 25010)
-- Name: django_session_expire_date_a5c62663; Type: INDEX; Schema: public; Owner: movie_log
--

CREATE INDEX django_session_expire_date_a5c62663 ON public.django_session USING btree (expire_date);


--
-- TOC entry 4947 (class 1259 OID 25009)
-- Name: django_session_session_key_c0390e0f_like; Type: INDEX; Schema: public; Owner: movie_log
--

CREATE INDEX django_session_session_key_c0390e0f_like ON public.django_session USING btree (session_key varchar_pattern_ops);


--
-- TOC entry 4925 (class 1259 OID 24999)
-- Name: movie_app_castcrew_actor_id_e14826fa; Type: INDEX; Schema: public; Owner: movie_log
--

CREATE INDEX movie_app_castcrew_actor_id_e14826fa ON public.movie_app_castcrew USING btree (actor_id);


--
-- TOC entry 4926 (class 1259 OID 25000)
-- Name: movie_app_castcrew_director_id_33377aee; Type: INDEX; Schema: public; Owner: movie_log
--

CREATE INDEX movie_app_castcrew_director_id_33377aee ON public.movie_app_castcrew USING btree (director_id);


--
-- TOC entry 4927 (class 1259 OID 25001)
-- Name: movie_app_castcrew_movie_id_425a0a38; Type: INDEX; Schema: public; Owner: movie_log
--

CREATE INDEX movie_app_castcrew_movie_id_425a0a38 ON public.movie_app_castcrew USING btree (movie_id);


--
-- TOC entry 4934 (class 1259 OID 24978)
-- Name: movie_app_user_user_id_696dbfaa_like; Type: INDEX; Schema: public; Owner: movie_log
--

CREATE INDEX movie_app_user_user_id_696dbfaa_like ON public.movie_app_user USING btree (user_id varchar_pattern_ops);


--
-- TOC entry 4935 (class 1259 OID 24989)
-- Name: movie_app_watchhistory_movie_id_eb5d8893; Type: INDEX; Schema: public; Owner: movie_log
--

CREATE INDEX movie_app_watchhistory_movie_id_eb5d8893 ON public.movie_app_watchhistory USING btree (movie_id);


--
-- TOC entry 4938 (class 1259 OID 24990)
-- Name: movie_app_watchhistory_user_id_c5440332; Type: INDEX; Schema: public; Owner: movie_log
--

CREATE INDEX movie_app_watchhistory_user_id_c5440332 ON public.movie_app_watchhistory USING btree (user_id);


--
-- TOC entry 4939 (class 1259 OID 24991)
-- Name: movie_app_watchhistory_user_id_c5440332_like; Type: INDEX; Schema: public; Owner: movie_log
--

CREATE INDEX movie_app_watchhistory_user_id_c5440332_like ON public.movie_app_watchhistory USING btree (user_id varchar_pattern_ops);


--
-- TOC entry 4942 (class 1259 OID 24997)
-- Name: movie_app_wrappedsummary_user_id_71ada6a3; Type: INDEX; Schema: public; Owner: movie_log
--

CREATE INDEX movie_app_wrappedsummary_user_id_71ada6a3 ON public.movie_app_wrappedsummary USING btree (user_id);


--
-- TOC entry 4943 (class 1259 OID 24998)
-- Name: movie_app_wrappedsummary_user_id_71ada6a3_like; Type: INDEX; Schema: public; Owner: movie_log
--

CREATE INDEX movie_app_wrappedsummary_user_id_71ada6a3_like ON public.movie_app_wrappedsummary USING btree (user_id varchar_pattern_ops);


--
-- TOC entry 4955 (class 2606 OID 24807)
-- Name: auth_group_permissions auth_group_permissio_permission_id_84c5c92e_fk_auth_perm; Type: FK CONSTRAINT; Schema: public; Owner: movie_log
--

ALTER TABLE ONLY public.auth_group_permissions
    ADD CONSTRAINT auth_group_permissio_permission_id_84c5c92e_fk_auth_perm FOREIGN KEY (permission_id) REFERENCES public.auth_permission(id) DEFERRABLE INITIALLY DEFERRED;


--
-- TOC entry 4956 (class 2606 OID 24802)
-- Name: auth_group_permissions auth_group_permissions_group_id_b120cbf9_fk_auth_group_id; Type: FK CONSTRAINT; Schema: public; Owner: movie_log
--

ALTER TABLE ONLY public.auth_group_permissions
    ADD CONSTRAINT auth_group_permissions_group_id_b120cbf9_fk_auth_group_id FOREIGN KEY (group_id) REFERENCES public.auth_group(id) DEFERRABLE INITIALLY DEFERRED;


--
-- TOC entry 4954 (class 2606 OID 24793)
-- Name: auth_permission auth_permission_content_type_id_2f476e4b_fk_django_co; Type: FK CONSTRAINT; Schema: public; Owner: movie_log
--

ALTER TABLE ONLY public.auth_permission
    ADD CONSTRAINT auth_permission_content_type_id_2f476e4b_fk_django_co FOREIGN KEY (content_type_id) REFERENCES public.django_content_type(id) DEFERRABLE INITIALLY DEFERRED;


--
-- TOC entry 4957 (class 2606 OID 24822)
-- Name: auth_user_groups auth_user_groups_group_id_97559544_fk_auth_group_id; Type: FK CONSTRAINT; Schema: public; Owner: movie_log
--

ALTER TABLE ONLY public.auth_user_groups
    ADD CONSTRAINT auth_user_groups_group_id_97559544_fk_auth_group_id FOREIGN KEY (group_id) REFERENCES public.auth_group(id) DEFERRABLE INITIALLY DEFERRED;


--
-- TOC entry 4958 (class 2606 OID 24817)
-- Name: auth_user_groups auth_user_groups_user_id_6a12ed8b_fk_auth_user_id; Type: FK CONSTRAINT; Schema: public; Owner: movie_log
--

ALTER TABLE ONLY public.auth_user_groups
    ADD CONSTRAINT auth_user_groups_user_id_6a12ed8b_fk_auth_user_id FOREIGN KEY (user_id) REFERENCES public.auth_user(id) DEFERRABLE INITIALLY DEFERRED;


--
-- TOC entry 4959 (class 2606 OID 24836)
-- Name: auth_user_user_permissions auth_user_user_permi_permission_id_1fbb5f2c_fk_auth_perm; Type: FK CONSTRAINT; Schema: public; Owner: movie_log
--

ALTER TABLE ONLY public.auth_user_user_permissions
    ADD CONSTRAINT auth_user_user_permi_permission_id_1fbb5f2c_fk_auth_perm FOREIGN KEY (permission_id) REFERENCES public.auth_permission(id) DEFERRABLE INITIALLY DEFERRED;


--
-- TOC entry 4960 (class 2606 OID 24831)
-- Name: auth_user_user_permissions auth_user_user_permissions_user_id_a95ead1b_fk_auth_user_id; Type: FK CONSTRAINT; Schema: public; Owner: movie_log
--

ALTER TABLE ONLY public.auth_user_user_permissions
    ADD CONSTRAINT auth_user_user_permissions_user_id_a95ead1b_fk_auth_user_id FOREIGN KEY (user_id) REFERENCES public.auth_user(id) DEFERRABLE INITIALLY DEFERRED;


--
-- TOC entry 4948 (class 2606 OID 24674)
-- Name: cast_crew cast_crew_actor_id_fkey; Type: FK CONSTRAINT; Schema: public; Owner: postgres
--

ALTER TABLE ONLY public.cast_crew
    ADD CONSTRAINT cast_crew_actor_id_fkey FOREIGN KEY (actor_id) REFERENCES public.actors(actor_id) ON DELETE CASCADE;


--
-- TOC entry 4949 (class 2606 OID 24679)
-- Name: cast_crew cast_crew_director_id_fkey; Type: FK CONSTRAINT; Schema: public; Owner: postgres
--

ALTER TABLE ONLY public.cast_crew
    ADD CONSTRAINT cast_crew_director_id_fkey FOREIGN KEY (director_id) REFERENCES public.directors(director_id) ON DELETE CASCADE;


--
-- TOC entry 4950 (class 2606 OID 24669)
-- Name: cast_crew cast_crew_movie_id_fkey; Type: FK CONSTRAINT; Schema: public; Owner: postgres
--

ALTER TABLE ONLY public.cast_crew
    ADD CONSTRAINT cast_crew_movie_id_fkey FOREIGN KEY (movie_id) REFERENCES public.movies(movie_id) ON DELETE CASCADE;


--
-- TOC entry 4961 (class 2606 OID 24852)
-- Name: django_admin_log django_admin_log_content_type_id_c4bce8eb_fk_django_co; Type: FK CONSTRAINT; Schema: public; Owner: movie_log
--

ALTER TABLE ONLY public.django_admin_log
    ADD CONSTRAINT django_admin_log_content_type_id_c4bce8eb_fk_django_co FOREIGN KEY (content_type_id) REFERENCES public.django_content_type(id) DEFERRABLE INITIALLY DEFERRED;


--
-- TOC entry 4962 (class 2606 OID 24857)
-- Name: django_admin_log django_admin_log_user_id_c564eba6_fk_auth_user_id; Type: FK CONSTRAINT; Schema: public; Owner: movie_log
--

ALTER TABLE ONLY public.django_admin_log
    ADD CONSTRAINT django_admin_log_user_id_c564eba6_fk_auth_user_id FOREIGN KEY (user_id) REFERENCES public.auth_user(id) DEFERRABLE INITIALLY DEFERRED;


--
-- TOC entry 4963 (class 2606 OID 24963)
-- Name: movie_app_castcrew movie_app_castcrew_actor_id_e14826fa_fk_movie_app; Type: FK CONSTRAINT; Schema: public; Owner: movie_log
--

ALTER TABLE ONLY public.movie_app_castcrew
    ADD CONSTRAINT movie_app_castcrew_actor_id_e14826fa_fk_movie_app FOREIGN KEY (actor_id) REFERENCES public.movie_app_actor(actor_id) DEFERRABLE INITIALLY DEFERRED;


--
-- TOC entry 4964 (class 2606 OID 24968)
-- Name: movie_app_castcrew movie_app_castcrew_director_id_33377aee_fk_movie_app; Type: FK CONSTRAINT; Schema: public; Owner: movie_log
--

ALTER TABLE ONLY public.movie_app_castcrew
    ADD CONSTRAINT movie_app_castcrew_director_id_33377aee_fk_movie_app FOREIGN KEY (director_id) REFERENCES public.movie_app_director(director_id) DEFERRABLE INITIALLY DEFERRED;


--
-- TOC entry 4965 (class 2606 OID 24973)
-- Name: movie_app_castcrew movie_app_castcrew_movie_id_425a0a38_fk_movie_app; Type: FK CONSTRAINT; Schema: public; Owner: movie_log
--

ALTER TABLE ONLY public.movie_app_castcrew
    ADD CONSTRAINT movie_app_castcrew_movie_id_425a0a38_fk_movie_app FOREIGN KEY (movie_id) REFERENCES public.movie_app_movie(movie_id) DEFERRABLE INITIALLY DEFERRED;


--
-- TOC entry 4966 (class 2606 OID 24979)
-- Name: movie_app_watchhistory movie_app_watchhisto_movie_id_eb5d8893_fk_movie_app; Type: FK CONSTRAINT; Schema: public; Owner: movie_log
--

ALTER TABLE ONLY public.movie_app_watchhistory
    ADD CONSTRAINT movie_app_watchhisto_movie_id_eb5d8893_fk_movie_app FOREIGN KEY (movie_id) REFERENCES public.movie_app_movie(movie_id) DEFERRABLE INITIALLY DEFERRED;


--
-- TOC entry 4967 (class 2606 OID 24984)
-- Name: movie_app_watchhistory movie_app_watchhisto_user_id_c5440332_fk_movie_app; Type: FK CONSTRAINT; Schema: public; Owner: movie_log
--

ALTER TABLE ONLY public.movie_app_watchhistory
    ADD CONSTRAINT movie_app_watchhisto_user_id_c5440332_fk_movie_app FOREIGN KEY (user_id) REFERENCES public.movie_app_user(user_id) DEFERRABLE INITIALLY DEFERRED;


--
-- TOC entry 4968 (class 2606 OID 24992)
-- Name: movie_app_wrappedsummary movie_app_wrappedsum_user_id_71ada6a3_fk_movie_app; Type: FK CONSTRAINT; Schema: public; Owner: movie_log
--

ALTER TABLE ONLY public.movie_app_wrappedsummary
    ADD CONSTRAINT movie_app_wrappedsum_user_id_71ada6a3_fk_movie_app FOREIGN KEY (user_id) REFERENCES public.movie_app_user(user_id) DEFERRABLE INITIALLY DEFERRED;


--
-- TOC entry 4951 (class 2606 OID 24699)
-- Name: watch_history watch_history_movie_id_fkey; Type: FK CONSTRAINT; Schema: public; Owner: postgres
--

ALTER TABLE ONLY public.watch_history
    ADD CONSTRAINT watch_history_movie_id_fkey FOREIGN KEY (movie_id) REFERENCES public.movies(movie_id) ON DELETE CASCADE;


--
-- TOC entry 4952 (class 2606 OID 24694)
-- Name: watch_history watch_history_user_id_fkey; Type: FK CONSTRAINT; Schema: public; Owner: postgres
--

ALTER TABLE ONLY public.watch_history
    ADD CONSTRAINT watch_history_user_id_fkey FOREIGN KEY (user_id) REFERENCES public.users(user_id) ON DELETE CASCADE;


--
-- TOC entry 4953 (class 2606 OID 24713)
-- Name: wrapped_summary wrapped_summary_user_id_fkey; Type: FK CONSTRAINT; Schema: public; Owner: postgres
--

ALTER TABLE ONLY public.wrapped_summary
    ADD CONSTRAINT wrapped_summary_user_id_fkey FOREIGN KEY (user_id) REFERENCES public.users(user_id) ON DELETE CASCADE;


-- Completed on 2025-12-01 22:04:41

--
-- PostgreSQL database dump complete
--

\unrestrict siKoh3XZqXk1p4S2UAXR8eZVvd2PuGxQLxuvlvASVSSfQ9Aya6HgEoLrqaGyMsF

